ID,Player Name,Team,Position,Status,Age
*041qr*,Aaron Civale,TB,SP,Bird,28
*02z0s*,Aaron Judge,NYY,OF,owenhern,32
*02i3o*,Aaron Nola,PHI,SP,Kirby,31
*05uv5*,Abimelec Ortiz,TEX,1B,BEIM,22
*041se*,Abraham Toro,OAK,"2B,3B",Tino,27
*04ysv*,Adael Amador,COL,SS,BEIM,21
*060gg*,Adam Mazur,SD,SP,Bird,23
*04q2n*,Adley Rutschman,BAL,C,BARTO,26
*04aq4*,Adolis Garcia,TEX,OF,PAP,31
*04z6m*,Agustin Ramirez,NYY,C,LIAM,22
*05u36*,Aidan Miller,PHI,3B,JGC,19
*05uy5*,AJ Smith-Shawver,ATL,SP,owenhern,21
*02xid*,Albert Suarez,BAL,"SP,RP",Bird,34
*04mn5*,Alec Bohm,PHI,"1B,3B",owenhern,27
*05jr0*,Alec Burleson,STL,OF,Kirby,25
*0512c*,Alec Marsh,KC,"SP,RP",BEIM,26
*04yfw*,Alek Manoah,TOR,SP,owenhern,26
*02w7p*,Alex Bregman,HOU,3B,BEIM,30
*01seh*,Alex Cobb,SF,SP,JGC,36
*03d7g*,Alex Verdugo,NYY,OF,BARTO,28
*03qqf*,Alexis Diaz,CIN,RP,LIAM,27
*02yh5*,Amed Rosario,TB,"2B,SS,OF",Tino,28
*03pzn*,Andres Gimenez,CLE,2B,DT,25
*0403o*,Andres Munoz,SEA,RP,Tino,25
*05jq2*,Andrew Abbott,CIN,SP,PAP,25
*066lz*,Andrew Cossetti,MIN,C,BEIM,24
*01c1g*,Andrew McCutchen,PIT,UT,Geezers,37
*05r3i*,Andrew Painter,PHI,SP,BARTO,21
*04si2*,Andrew Vaughn,CHW,1B,owenhern,26
*04ru5*,Andy Pages,LAD,OF,DT,23
*01sea*,Anthony Rizzo,NYY,1B,BEIM,34
*02w16*,Anthony Santander,BAL,OF,BEIM,29
*04y9p*,Anthony Volpe,NYY,SS,BEIM,23
*03pom*,Austin Riley,ATL,3B,DT,27
*05ahg*,Austin Wells,NYY,C,Kirby,24
*0425t*,Bailey Ober,MIN,SP,DT,28
*04o2w*,Ben Brown,CHC,"SP,RP",JGC,24
*05yo5*,Ben Rice,NYY,C,Kirby,25
*05u2q*,Blade Tidwell,NYM,SP,BARTO,22
*02bqr*,Blake Snell,SF,SP,JGC,31
*041qb*,Bo Bichette,TOR,SS,BEIM,26
*04mrn*,Bo Naylor,CLE,C,DT,24
*05gwz*,Bobby Miller,LAD,SP,Tino,25
*04lgp*,Bobby Witt Jr.,KC,SS,Tino,23
*059bx*,Brady House,WSH,SS,JGC,21
*03pov*,Brady Singer,KC,SP,BARTO,27
*041q8*,Brandon Marsh,PHI,OF,Tino,26
*02bq2*,Brandon Nimmo,NYM,OF,Bird,31
*05lg3*,Brandon Pfaadt,ARI,SP,Kirby,25
*0515o*,Brandon Sproat,NYM,"SP,RP",Bird,23
*02bu3*,Brandon Woodruff,MIL,SP,reed,31
*04t40*,Brayan Bello,BOS,SP,LIAM,25
*04pmv*,Brennen Davis,CHC,OF,reed,24
*04e2u*,Brent Rooker,OAK,OF,JGC,29
*0513l*,Brenton Doyle,COL,OF,JGC,26
*04yib*,Brett Baty,NYM,3B,BARTO,24
*04b00*,Brice Turang,MIL,"2B,SS",PAP,24
*05ubi*,Brock Wilken,MIL,3B,Geezers,21
*04yig*,Brooks Lee,MIN,SS,JGC,23
*03zbj*,Brusdar Graterol,LAD,RP,BARTO,25
*03bud*,Bryan De La Cruz,MIA,OF,BEIM,27
*03e5m*,Bryan Reynolds,PIT,OF,LIAM,29
*05y62*,Bryan Woo,SEA,SP,DT,24
*05u96*,Bryce Eldridge,SF,"OF,SP",JGC,19
*01fh9*,Bryce Harper,PHI,1B,DT,31
*05vy6*,Bryce Miller,SEA,SP,LIAM,25
*04p10*,Bryson Stott,PHI,"2B,SS",PAP,26
*05rik*,Bubba Chandler,PIT,"SP,RP",reed,21
*02i2k*,Byron Buxton,MIN,OF,PAP,30
*05gef*,Cade Cavalli,WSH,SP,Bird,25
*05gww*,Cade Horton,CHC,SP,owenhern,22
*05xop*,Cade Povich,BAL,SP,Bird,24
*04eor*,Cade Smith,CLE,RP,owenhern,25
*04my4*,Cal Raleigh,SEA,C,LIAM,27
*05u1y*,Cam Collier,CIN,3B,reed,19
*04k0w*,Camilo Doval,SF,RP,reed,26
*02i2q*,Carlos Correa,MIN,SS,reed,29
*03mnq*,Carlos Estevez,LAA,RP,BEIM,31
*02c2r*,Carlos Rodon,NYY,SP,owenhern,31
*05y7v*,Carson Whisenhunt,SF,SP,Tino,23
*05t9n*,Carson Williams,TB,SS,Geezers,20
*04mlf*,Casey Mize,DET,SP,BARTO,27
*05gsi*,Ceddanne Rafaela,BOS,"SS,OF",BARTO,23
*03qr0*,Cedric Mullins,BAL,OF,reed,29
*0374o*,Chad Green,TOR,RP,owenhern,33
*005jn*,Charlie Morton,ATL,SP,Geezers,40
*04esz*,Chas McCormick,HOU,OF,BARTO,29
*05uei*,Chase DeLauter,CLE,OF,Bird,22
*05yj0*,Chase Dollander,COL,SP,reed,22
*05xsm*,Chase Silseth,LAA,"SP,RP",DT,24
*05uws*,Chayce McDermott,BAL,SP,LIAM,25
*02c2h*,Chris Bassitt,TOR,SP,Geezers,35
*01uca*,Chris Sale,ATL,SP,BEIM,35
*05xor*,Christian Encarnacion-Strand,CIN,1B,Kirby,24
*05xpq*,Christian Scott,NYM,"SP,RP",Tino,24
*02mw3*,Christian Walker,ARI,1B,JGC,33
*025dn*,Christian Yelich,MIL,OF,reed,32
*04pbp*,Christopher Morel,CHC,"3B,OF",Tino,24
*04qk8*,CJ Abrams,WSH,SS,LIAM,23
*04ee7*,Clarke Schmidt,NYY,SP,Tino,28
*02bx4*,Clay Holmes,NYY,RP,Geezers,31
*005ih*,Clayton Kershaw,LAD,SP,DT,36
*05js5*,Coby Mayo,BAL,3B,PAP,22
*03120*,Cody Bellinger,CHC,"1B,OF",reed,28
*0514o*,Cody Bradford,TEX,"SP,RP",BARTO,26
*0630e*,Colby Thomas,OAK,OF,LIAM,23
*041ma*,Cole Ragans,KC,"SP,RP",DT,26
*05y7x*,Cole Young,SEA,SS,Geezers,20
*05rch*,Colson Montgomery,CHW,"3B,SS",owenhern,22
*060ub*,Colt Emerson,SEA,SS,Bird,18
*05jrh*,Colt Keith,DET,"2B,3B",Bird,22
*05ras*,Colton Cowser,BAL,OF,owenhern,24
*05tce*,Connor Norby,BAL,2B,Tino,23
*05jpe*,Connor Phillips,CIN,SP,owenhern,23
*04efi*,Connor Wong,BOS,C,PAP,28
*04px6*,Cooper Criswell,BOS,"SP,RP",Geezers,27
*041rd*,Corbin Burnes,BAL,SP,JGC,29
*04y4e*,Corbin Carroll,ARI,OF,JGC,23
*02mw6*,Corey Seager,TEX,SS,DT,30
*01scl*,Craig Kimbrel,BAL,RP,BEIM,36
*045kb*,Cristian Javier,HOU,SP,owenhern,27
*052c8*,Cristopher Sanchez,PHI,SP,LIAM,27
*05xtz*,Dalton Rushing,LAD,C,DT,23
*01fd0*,Daniel Hudson,LAD,RP,Tino,37
*02hxd*,Danny Coulombe,BAL,RP,BARTO,34
*031el*,Danny Jansen,TOR,C,Kirby,29
*03ae8*,Dansby Swanson,CHC,SS,reed,30
*04efa*,Daulton Varsho,TOR,OF,LIAM,27
*04aqc*,David Bednar,PIT,RP,reed,29
*05yav*,David Festa,MIN,SP,Bird,24
*04psr*,David Fry,CLE,"C,OF",Bird,28
*04o2x*,Davis Schneider,TOR,"2B,OF",Bird,25
*041yb*,Dean Kremer,BAL,SP,Geezers,28
*0311c*,Devin Williams,MIL,RP,BEIM,29
*05nsq*,Deyvison De Los Santos,ARI,3B,JGC,20
*01sfi*,DJ LeMahieu,NYY,"1B,3B",owenhern,35
*04aeh*,DL Hall,MIL,"SP,RP",reed,25
*05xu0*,Drew Gilbert,NYM,OF,Bird,23
*04eee*,Drew Rasmussen,TB,SP,Kirby,28
*05yb1*,Drew Thorpe,CHW,SP,LIAM,23
*05tdk*,Druw Jones,ARI,OF,Tino,20
*041r5*,Dustin May,LAD,SP,Tino,26
*05xty*,Dylan Beavers,BAL,OF,DT,22
*03df2*,Dylan Cease,SD,SP,Tino,28
*0596e*,Dylan Crews,WSH,OF,Kirby,21
*05tdl*,Dylan Lesko,SD,SP,PAP,20
*03qml*,Dylan Moore,SEA,"2B,SS,OF",DT,31
*05un2*,Edgar Quero,CHW,C,owenhern,21
*051dl*,Edouard Julien,MIN,2B,Kirby,25
*029si*,Eduardo Rodriguez,ARI,SP,Geezers,31
*04ali*,Edward Cabrera,MIA,SP,reed,26
*02my5*,Edwin Diaz,NYM,RP,Bird,30
*03fhx*,Elias Diaz,COL,C,BEIM,33
*05udp*,Elly De La Cruz,CIN,"3B,SS",Bird,22
*030ud*,Eloy Jimenez,CHW,UT,JGC,27
*0510l*,Emerson Hancock,SEA,SP,Tino,25
*04ug5*,Emmanuel Clase,CLE,RP,PAP,26
*054p6*,Emmanuel Rodriguez,MIN,OF,Bird,21
*05y2l*,Emmet Sheehan,LAD,SP,DT,24
*0529l*,Endy Rodriguez,PIT,C,Kirby,24
*03d6n*,Erick Fedde,CHW,SP,JGC,31
*05ybr*,Ethan Salas,SD,C,Geezers,18
*05aoc*,Eury Perez,MIA,SP,Bird,21
*05mdt*,Evan Carter,TEX,OF,Kirby,21
*03qto*,Evan Phillips,LAD,RP,DT,29
*04mra*,Ezequiel Tovar,COL,SS,Geezers,22
*05t64*,Felix Bautista,BAL,RP,Bird,28
*05mx9*,Felnin Celesten,SEA,SS,Geezers,18
*03zbh*,Fernando Tatis Jr.,SD,OF,JGC,25
*04auj*,Framber Valdez,HOU,SP,PAP,30
*04qnc*,Francisco Alvarez,NYM,C,Bird,22
*02611*,Francisco Lindor,NYM,SS,PAP,30
*02yg3*,Frankie Montas,CIN,"SP,RP",Kirby,31
*01cgo*,Freddie Freeman,LAD,1B,JGC,34
*03dc4*,Freddy Peralta,MIL,SP,reed,28
*05rcs*,Gabriel Gonzalez,MIN,OF,BARTO,20
*04s1g*,Gabriel Moreno,ARI,C,BARTO,24
*05ajh*,Garrett Crochet,CHW,"SP,RP",Kirby,24
*04en7*,Garrett Mitchell,MIL,OF,DT,25
*04eqa*,Garrett Whitlock,BOS,"SP,RP",BARTO,27
*01t9q*,Gary Sanchez,MIL,C,Geezers,31
*041ai*,Gavin Lux,LAD,2B,owenhern,26
*04eej*,Gavin Sheets,CHW,"1B,OF",reed,28
*05mrx*,Gavin Stone,LAD,"SP,RP",DT,25
*05jp7*,Gavin Williams,CLE,SP,PAP,24
*04yie*,George Kirby,SEA,SP,Kirby,26
*067xm*,George Klassen,PHI,RP,reed,22
*025he*,George Springer,TOR,OF,PAP,34
*04pbq*,Geraldo Perdomo,ARI,"2B,SS",owenhern,24
*03amq*,German Marquez,COL,SP,Tino,29
*01spo*,Gerrit Cole,NYY,SP,Geezers,33
*01cdf*,Giancarlo Stanton,NYY,OF,owenhern,34
*031t0*,Gleyber Torres,NYY,2B,owenhern,27
*04pko*,Grayson Rodriguez,BAL,SP,PAP,24
*0317q*,Griffin Jax,MIN,RP,PAP,29
*050w9*,Gunnar Henderson,BAL,"3B,SS",Tino,22
*05raw*,Harry Ford,SEA,C,Tino,21
*05ajg*,Ha-seong Kim,SD,"2B,3B,SS",LIAM,28
*03h90*,Hector Neris,CHC,RP,JGC,34
*05oxc*,Henry Davis,PIT,"C,OF",DT,24
*0596f*,Heston Kjerstad,BAL,UT,owenhern,25
*05144*,Hunter Brown,HOU,SP,LIAM,25
*04aea*,Hunter Greene,CIN,SP,Tino,24
*0310c*,Hunter Harvey,WSH,RP,LIAM,29
*0603p*,Hurston Waldrep,ATL,SP,Kirby,22
*06f8f*,Hyun-Seok Jang,LAD,SP,DT,20
*03nmw*,Ian Happ,CHC,OF,BEIM,29
*04071*,Isaac Paredes,TB,"1B,3B",Kirby,25
*04hyc*,Ivan Herrera,STL,C,Bird,24
*02334*,J.D. Martinez,NYM,UT,BARTO,36
*025i9*,J.T. Realmuto,PHI,C,Geezers,33
*05tzg*,Jace Jung,DET,2B,JGC,23
*03d6w*,Jack Flaherty,DET,SP,Kirby,28
*04y9o*,Jack Leiter,TEX,SP,Tino,24
*05m1e*,Jackson Chourio,MIL,OF,Bird,20
*05ybv*,Jackson Holliday,BAL,"2B,SS",BARTO,20
*05rb0*,Jackson Jobe,DET,"SP,RP",Kirby,21
*05ua7*,Jackson Merrill,SD,"SS,OF",PAP,21
*02hjp*,Jacob deGrom,TEX,SP,Bird,35
*05r9h*,Jacob Hurtubise,CIN,OF,BEIM,26
*061yu*,Jacob Misiorowski,MIL,SP,BARTO,22
*0622t*,Jacob Wilson,OAK,SS,reed,22
*060q2*,Jairo Iriarte,CHW,SP,Bird,22
*05yix*,Jaison Chourio,CLE,OF,Geezers,19
*04azv*,Jake Burger,MIA,"1B,3B",BARTO,28
*03qmh*,Jake Cronenworth,SD,"1B,2B",Geezers,30
*03qyv*,Jake McCarthy,ARI,OF,owenhern,26
*04emt*,Jake Meyers,HOU,OF,DT,27
*065ji*,Jakob Marsee,MIA,OF,LIAM,22
*04pw3*,James McArthur,KC,RP,BARTO,27
*05ucf*,James Triantos,CHC,"3B,SS",PAP,21
*05rat*,James Wood,WSH,OF,Tino,21
*01srb*,Jameson Taillon,CHC,SP,Bird,32
*05h2u*,Jared Jones,PIT,"SP,RP",PAP,22
*04pst*,Jarren Duran,BOS,OF,Tino,27
*04aoq*,Jason Foley,DET,RP,Bird,28
*050c3*,Jasson Dominguez,NYY,OF,BEIM,21
*04fq2*,Javier Assad,CHC,"SP,RP",DT,26
*05t9f*,Jay Allen,CIN,OF,BARTO,21
*045qo*,Jazz Chisholm Jr.,MIA,OF,BARTO,26
*03ann*,Jeff Hoffman,PHI,RP,DT,31
*04mlr*,Jeffrey Springs,TB,SP,JGC,31
*04ehz*,Jeremiah Estrada,SD,RP,Bird,25
*04ppj*,Jeremy Pena,HOU,SS,PAP,26
*02mwg*,Jesse Winker,WSH,"OF,UT",BEIM,30
*041r1*,Jesus Luzardo,MIA,SP,reed,26
*060la*,Jett Williams,NYM,SS,Bird,20
*04apj*,Jhoan Duran,MIN,RP,LIAM,26
*04y95*,JJ Bleday,OAK,OF,LIAM,26
*04aee*,Jo Adell,LAA,OF,Kirby,25
*01sve*,Joe Kelly,LAD,RP,DT,35
*02bqy*,Joe Musgrove,SD,SP,PAP,31
*04ps7*,Joe Ryan,MIN,SP,LIAM,28
*06625*,Joendry Vargas,LAD,SS,DT,18
*05yfl*,Joey Loperfido,HOU,OF,reed,25
*0513c*,Joey Ortiz,MIL,"2B,3B",Bird,25
*04674*,Johan Oviedo,PIT,SP,BARTO,26
*03dim*,John Means,BAL,SP,PAP,31
*041rj*,JoJo Romero,STL,RP,Geezers,27
*02bxv*,Jon Gray,TEX,SP,JGC,32
*031b2*,Jonah Heim,TEX,C,reed,28
*0658b*,Jonah Tong,NYM,SP,PAP,20
*04y94*,Jonny Deluca,TB,OF,Kirby,25
*066sx*,Jonny Farmelo,SEA,SS,DT,19
*03vcw*,Jordan Hicks,SF,"SP,RP",Bird,27
*05r1m*,Jordan Lawlar,ARI,SS,BARTO,21
*0614c*,Jordan Leasure,CHW,RP,DT,25
*03dbo*,Jordan Montgomery,ARI,SP,Bird,31
*03di6*,Jordan Romano,TOR,RP,PAP,31
*05gbf*,Jordan Walker,STL,OF,Kirby,22
*05gsc*,Jordan Westburg,BAL,"2B,3B",BARTO,25
*03b6k*,Jorge Mateo,BAL,"2B,SS",Geezers,28
*02i11*,Jorge Soler,SF,"OF,UT",LIAM,32
*024m0*,Jose Altuve,HOU,2B,BEIM,34
*03btm*,Jose Alvarado,PHI,RP,reed,29
*02mwk*,Jose Berrios,TOR,SP,BEIM,30
*05oz7*,Jose Butto,NYM,SP,BARTO,26
*04eig*,Jose Caballero,TB,"2B,SS",BEIM,27
*04k0x*,Jose Quijada,LAA,RP,JGC,28
*01ub6*,Jose Ramirez,CLE,3B,PAP,31
*04c0o*,Jose Soriano,LAA,"SP,RP",reed,25
*02n96*,Josh Hader,HOU,RP,Kirby,30
*04y44*,Josh Jung,TEX,3B,Geezers,26
*041ah*,Josh Lowe,TB,OF,BARTO,26
*03pjd*,Josh Naylor,CLE,1B,BARTO,26
*04oct*,Josh Rojas,SEA,"2B,3B",DT,29
*052ru*,Josh Smith,TEX,"3B,SS,OF",Geezers,26
*061zv*,Josue De Paula,LAD,OF,DT,19
*03ynj*,Juan Soto,NYY,OF,owenhern,25
*04fhb*,Julio Rodriguez,SEA,OF,BARTO,23
*05m49*,Jung Hoo Lee,SF,OF,BARTO,25
*05xch*,Junior Caminero,TB,3B,Bird,20
*01spl*,Jurickson Profar,SD,OF,Geezers,31
*03deg*,Justin Steele,CHC,SP,reed,28
*01lum*,Justin Turner,TOR,1B,Geezers,39
*000dp*,Justin Verlander,HOU,SP,reed,41
*05y9r*,Justin Wrobleski,LAD,SP,DT,23
*05uy1*,Justyn-Henry Malloy,DET,3B,Kirby,24
*04esc*,Keaton Winn,SF,SP,reed,26
*03pji*,Ke'Bryan Hayes,PIT,3B,Tino,27
*03rmz*,Keibert Ruiz,WSH,C,JGC,25
*01svz*,Kenley Jansen,BOS,RP,Geezers,36
*051em*,Kerry Carpenter,DET,OF,Tino,26
*0326s*,Ketel Marte,ARI,2B,LIAM,30
*04qow*,Kevin Alcantara,CHC,OF,Tino,21
*02hi7*,Kevin Gausman,TOR,SP,Geezers,33
*030vs*,Kirby Yates,TEX,RP,JGC,37
*04a2t*,Kodai Senga,NYM,SP,Bird,31
*0510z*,Korey Lee,CHW,C,Tino,25
*04pmb*,Kris Bubic,KC,SP,DT,26
*06f0q*,Kristian Campbell,BOS,SS,LIAM,21
*04ep8*,Kutter Crawford,BOS,"SP,RP",JGC,28
*04pq4*,Kyle Bradish,BAL,SP,Kirby,27
*031bl*,Kyle Finnegan,WSH,RP,owenhern,32
*05js3*,Kyle Harrison,SF,SP,Tino,22
*05rfu*,Kyle Manzardo,CLE,1B,Kirby,23
*03cag*,Kyle Schwarber,PHI,OF,Geezers,31
*05wxy*,Kyle Teel,BOS,"C,OF",BARTO,22
*03pir*,Kyle Tucker,HOU,OF,JGC,27
*04aed*,Kyle Wright,KC,SP,Tino,28
*05yeu*,Lael Lockhart,DET,SP,BEIM,26
*03qo2*,LaMonte Wade Jr.,SF,"1B,OF",Bird,30
*026l1*,Lance McCullers Jr.,HOU,SP,Tino,30
*05l9f*,Landon Knack,LAD,SP,Geezers,26
*03dei*,Lane Thomas,WSH,OF,Kirby,28
*04pt2*,Lars Nootbaar,STL,OF,LIAM,26
*05rfc*,Lazaro Montes,SEA,"1B,OF",Bird,19
*067yc*,Leodalis De Vries,SD,SS,Kirby,17
*01ub8*,Liam Hendriks,BOS,RP,LIAM,35
*06hv8*,Logan Evans,SEA,SP,Bird,23
*04n0m*,Logan Gilbert,SEA,SP,Kirby,27
*04q56*,Logan O'Hoppe,LAA,C,PAP,24
*03dbm*,Logan Webb,SF,SP,BEIM,27
*03nri*,Lourdes Gurriel Jr.,ARI,OF,BARTO,30
*02i37*,Lucas Giolito,BOS,SP,reed,29
*03mew*,Luis Arraez,SD,"1B,2B",BARTO,27
*03nuc*,Luis Castillo,SEA,SP,LIAM,31
*0414g*,Luis Garcia,WSH,2B,reed,24
*04ni3*,Luis Garcia,HOU,SP,BARTO,27
*04s1h*,Luis Gil,NYY,SP,owenhern,26
*04y11*,Luis Matos,SF,OF,Bird,22
*03avk*,Luis Rengifo,LAA,"2B,3B,SS,OF",JGC,27
*047l7*,Luis Robert Jr.,CHW,OF,reed,26
*03ab0*,Luis Severino,NYM,SP,Geezers,30
*04z6k*,Luisangel Acuna,NYM,SS,owenhern,22
*05zh9*,Luke Keaschall,MIN,2B,JGC,21
*02c5l*,Luke Weaver,NYY,"SP,RP",owenhern,30
*05yha*,Mac Horvath,BAL,3B,LIAM,22
*04cd5*,MacKenzie Gore,WSH,SP,BEIM,25
*05g3x*,Maikel Garcia,KC,3B,owenhern,24
*01svq*,Manny Machado,SD,3B,LIAM,31
*01usi*,Marcell Ozuna,ATL,UT,LIAM,33
*05r9j*,Marcelo Mayer,BOS,SS,owenhern,21
*04ooy*,Marco Luciano,SF,SS,reed,22
*02bu9*,Marcus Semien,TEX,2B,reed,33
*02hg4*,Marcus Stroman,NYY,SP,owenhern,33
*025eo*,Mark Canha,DET,OF,DT,35
*0319c*,Mark Leiter Jr.,CHC,RP,BARTO,33
*03zcy*,Mark Vientos,NYM,3B,JGC,24
*05rc3*,Masataka Yoshida,BOS,OF,PAP,30
*05ucd*,Mason Miller,OAK,"SP,RP",reed,25
*05gwy*,Masyn Winn,STL,SS,JGC,22
*05138*,Matt Brash,SEA,RP,Kirby,26
*03d6s*,Matt Chapman,SF,3B,Geezers,31
*04pks*,Matt McLain,CIN,"2B,SS",BARTO,24
*02mwm*,Matt Olson,ATL,1B,BEIM,30
*063vu*,Matt Shaw,CHC,2B,Kirby,22
*04pqq*,Matt Vierling,DET,"3B,OF",BEIM,27
*051e5*,Matt Waldron,SD,SP,JGC,27
*06dmr*,Matt Wilkinson,CLE,SP,BARTO,21
*05u9y*,Max Clark,DET,OF,Tino,19
*02i2j*,Max Fried,ATL,SP,BEIM,30
*01vja*,Max Kepler,MIN,OF,Kirby,31
*05a2d*,Max Meyer,MIA,SP,Tino,25
*02mzg*,Max Muncy,LAD,3B,Geezers,33
*004ee*,Max Scherzer,TEX,SP,JGC,39
*04q24*,Max Schuemann,OAK,SS,DT,26
*02hj7*,Merrill Kelly,ARI,SP,Geezers,35
*04t9b*,Michael Busch,CHC,"1B,3B",JGC,26
*0512v*,Michael Harris II,ATL,OF,Bird,23
*041wv*,Michael King,SD,"SP,RP",Tino,29
*03d6v*,Michael Kopech,CHW,"SP,RP",reed,28
*02iug*,Michael Wacha,KC,SP,owenhern,32
*05g4k*,Mick Abel,PHI,SP,BEIM,22
*02i3l*,Miguel Andujar,OAK,OF,LIAM,29
*05m1c*,Miguel Bleis,BOS,OF,LIAM,20
*04ru7*,Miguel Vargas,LAD,2B,Tino,24
*06dnb*,Mike Boeve,MIL,3B,BEIM,22
*01s8u*,Mike Trout,LAA,OF,Geezers,32
*031cd*,Mitch Garver,SEA,C,DT,33
*03d7h*,Mitch Keller,PIT,SP,PAP,28
*05jqy*,Mitchell Parker,WSH,"SP,RP",owenhern,24
*05rbs*,Moises Ballesteros,CHC,C,Kirby,20
*02btf*,Mookie Betts,LAD,"2B,SS,OF",DT,31
*01ut7*,Nathan Eovaldi,TEX,SP,DT,34
*041xv*,Nathaniel Lowe,TEX,1B,owenhern,28
*03bin*,Nestor Cortes Jr.,NYY,SP,BARTO,29
*01uc9*,Nick Castellanos,PHI,OF,JGC,32
*0597k*,Nick Gonzales,PIT,2B,PAP,25
*041ps*,Nick Lodolo,CIN,SP,Tino,26
*0316j*,Nick Pivetta,BOS,"SP,RP",Kirby,31
*04pkr*,Nico Hoerner,CHC,"2B,SS",Geezers,27
*05uc7*,Noah Schultz,CHW,SP,reed,20
*062yr*,Noble Meyer,MIA,SP,DT,19
*04qnd*,Noelvi Marte,CIN,3B,JGC,22
*01sy3*,Nolan Arenado,STL,3B,JGC,33
*04ai4*,Nolan Gorman,STL,2B,Kirby,24
*041q6*,Nolan Jones,COL,OF,JGC,26
*05y7s*,Nolan McLean,NYM,3B,reed,22
*03zlh*,Oneil Cruz,PIT,SS,Bird,25
*04mms*,Orelvis Martinez,TOR,SS,JGC,22
*06491*,Orion Kerkering,PHI,RP,BARTO,23
*04g7n*,Oswald Peraza,NYY,3B,owenhern,23
*05jsg*,Owen Caissie,CHC,OF,Kirby,21
*03fi0*,Ozzie Albies,ATL,2B,JGC,27
*043f9*,Pablo Lopez,MIN,SP,BEIM,28
*04pmn*,Parker Meadows,DET,OF,Tino,24
*04yuu*,Patrick Bailey,SF,C,LIAM,25
*01ual*,Paul Goldschmidt,STL,1B,reed,36
*02n2x*,Paul Sewald,ARI,RP,JGC,34
*05wru*,Paul Skenes,PIT,SP,BARTO,22
*041pz*,Pete Alonso,NYM,1B,Bird,29
*051wv*,Pete Crow-Armstrong,CHC,OF,Kirby,22
*03qo0*,Pete Fairbanks,TB,RP,PAP,30
*030uc*,Rafael Devers,BOS,3B,reed,27
*03aqv*,Raisel Iglesias,ATL,RP,LIAM,34
*067yp*,Ralphy Velazquez,CLE,C,Tino,19
*040b5*,Randy Arozarena,TB,OF,Geezers,29
*03et8*,Ranger Suarez,PHI,SP,LIAM,28
*04px8*,Reese Olson,DET,SP,Bird,24
*0596g*,Reid Detmers,LAA,SP,BARTO,24
*03i81*,Reynaldo Lopez,ATL,"SP,RP",LIAM,30
*061bo*,Rhett Lowder,CIN,SP,owenhern,22
*03de9*,Rhys Hoskins,MIL,1B,LIAM,31
*04ppk*,Richie Palacios,TB,"2B,OF",reed,27
*05js6*,Ricky Tiedemann,TOR,SP,PAP,21
*04nb2*,Riley Greene,DET,OF,PAP,23
*05ynx*,River Ryan,LAD,SP,PAP,25
*025j1*,Robbie Ray,SF,SP,JGC,32
*061mh*,Robby Snelling,SD,RP,Geezers,20
*05u6r*,Robert Gasser,MIL,SP,owenhern,25
*02bq7*,Robert Stephenson,LAA,RP,JGC,31
*05r01*,Robert Suarez,SD,RP,Geezers,33
*05gec*,Roderick Arias,NYY,SS,owenhern,19
*05u9z*,Roman Anthony,BOS,OF,Kirby,20
*03wha*,Ronald Acuna Jr.,ATL,OF,BEIM,26
*04ydi*,Ronel Blanco,HOU,"SP,RP",Geezers,30
*04fyo*,Ronny Mauricio,NYM,2B,PAP,23
*04aeb*,Royce Lewis,MIN,3B,PAP,25
*05tc7*,Ryan Bliss,SEA,SS,Geezers,24
*03ql5*,Ryan Helsley,STL,RP,DT,29
*04pmu*,Ryan Jeffers,MIN,C,Tino,27
*0310n*,Ryan McMahon,COL,"2B,3B",BARTO,29
*03pjl*,Ryan Mountcastle,BAL,1B,Kirby,27
*0512m*,Ryan Pepiot,TB,"SP,RP",BARTO,26
*066n3*,Ryan Walker,SF,"SP,RP",owenhern,28
*04mnw*,Ryan Weathers,MIA,SP,owenhern,24
*05rb1*,Sal Frelick,MIL,OF,owenhern,24
*01u75*,Salvador Perez,KC,"C,1B",BEIM,34
*05rbv*,Samuel Basallo,BAL,C,Bird,19
*03btv*,Sandy Alcantara,MIA,SP,LIAM,28
*03qs8*,Scott Effross,NYY,RP,BEIM,30
*02x0f*,Sean Manaea,NYM,"SP,RP",Tino,32
*03aoy*,Sean Murphy,ATL,C,PAP,29
*0662o*,Sebastian Walcott,TEX,SS,BEIM,18
*04b02*,Seiya Suzuki,CHC,OF,reed,29
*03sef*,Seth Lugo,KC,SP,JGC,34
*04cwf*,Shane Baz,TB,SP,BEIM,24
*041rf*,Shane Bieber,CLE,SP,Tino,29
*04mlt*,Shane McClanahan,TB,SP,LIAM,27
*04o4s*,Shea Langeliers,OAK,C,owenhern,26
*02yc4*,Shohei Ohtani,LAD,"UT,SP",BEIM,29
*05ge9*,Shota Imanaga,CHC,SP,PAP,30
*0260v*,Sonny Gray,STL,SP,PAP,34
*04yi8*,Spencer Jones,NYY,"1B,OF",Tino,23
*05tq1*,Spencer Schwellenbach,ATL,SP,LIAM,24
*0512e*,Spencer Steer,CIN,"1B,3B,OF",PAP,26
*05mre*,Spencer Strider,ATL,SP,BARTO,25
*04yk2*,Spencer Torkelson,DET,1B,Geezers,24
*01s9k*,Starling Marte,NYM,OF,PAP,35
*04pr1*,Steven Kwan,CLE,OF,owenhern,26
*04pr8*,Taj Bradley,TB,SP,Tino,23
*05y23*,Tanner Bibee,CLE,SP,Bird,25
*03djk*,Tanner Houck,BOS,SP,JGC,27
*03dfa*,Tanner Scott,MIA,RP,BEIM,29
*04ptt*,Tarik Skubal,DET,SP,owenhern,27
*03pje*,Taylor Ward,LAA,OF,DT,30
*02xic*,Teoscar Hernandez,LAD,OF,Geezers,31
*05rc5*,Termarr Johnson,PIT,2B,PAP,19
*03aay*,Thairo Estrada,SF,"2B,SS",Kirby,28
*05jpx*,Tink Hence,STL,"SP,RP",PAP,21
*045gu*,TJ Friedl,CIN,OF,Kirby,28
*041sq*,Tommy Edman,STL,"2B,SS,OF",DT,29
*025fx*,Tommy Pham,CHW,OF,DT,36
*05jse*,Tommy Troy,ARI,SS,PAP,22
*041v6*,Tony Gonsolin,LAD,SP,JGC,30
*01s99*,Travis d'Arnaud,ATL,C,BEIM,35
*02c68*,Trea Turner,PHI,SS,Geezers,30
*03dau*,Trevor Megill,MIL,RP,BEIM,30
*02bqh*,Trevor Story,BOS,SS,Kirby,31
*05tuw*,Trey Sweeney,LAD,SS,Kirby,24
*04de1*,Triston Casas,BOS,1B,PAP,24
*03pon*,Triston McKenzie,CLE,SP,LIAM,26
*0473n*,Tyler A. Wells,BAL,SP,BARTO,29
*026mq*,Tyler Anderson,LAA,SP,Geezers,34
*05u2u*,Tyler Black,MIL,2B,Geezers,23
*04efc*,Tyler Freeman,CLE,"3B,OF",Bird,25
*02btx*,Tyler Glasnow,LAD,SP,DT,30
*05xu8*,Tyler Locklear,SEA,"1B,3B",LIAM,23
*0312g*,Tyler Mahle,TEX,SP,BARTO,29
*02yk4*,Tyler O'Neill,BOS,OF,DT,28
*05gtn*,Tyler Soderstrom,OAK,1B,Tino,22
*03pix*,Tyler Stephenson,CIN,C,owenhern,27
*0518n*,Vaughn Grissom,BOS,"2B,SS",Tino,23
*0648z*,Victor Scott,STL,OF,Tino,23
*05184*,Vinnie Pasquantino,KC,1B,Tino,26
*03ojr*,Vladimir Guerrero Jr.,TOR,1B,reed,25
*03aac*,Walker Buehler,LAD,SP,BARTO,29
*05u3v*,Walker Jenkins,MIN,OF,owenhern,19
*04an8*,Wenceel Perez,DET,"SS,OF",owenhern,24
*03zcx*,Will Benson,CIN,OF,reed,25
*042sz*,Will Smith,LAD,C,DT,29
*03btu*,Willi Castro,MIN,"3B,SS,OF",BARTO,27
*03yrz*,William Contreras,MIL,C,JGC,26
*03oh0*,Willson Contreras,STL,C,LIAM,32
*03atq*,Willy Adames,MIL,SS,LIAM,28
*060x1*,Wilyer Abreu,BOS,OF,Kirby,24
*060pm*,Wyatt Langford,TEX,OF,Tino,22
*025gb*,Xander Bogaerts,SD,"2B,SS",JGC,31
*062pp*,Xavier Isaac,TB,1B,Bird,20
*0524l*,Yainer Diaz,HOU,C,reed,25
*03m6o*,Yandy Diaz,TB,1B,Geezers,32
*05g3k*,Yanquiel Fernandez,COL,OF,BARTO,21
*06at1*,Yariel Rodriguez,TOR,SP,BARTO,27
*05ych*,Yasser Mercedes,MIN,OF,BEIM,19
*050ok*,Yennier Cano,BAL,RP,PAP,30
*02z0e*,Yimi Garcia,TOR,RP,JGC,33
*04355*,Yordan Alvarez,HOU,OF,LIAM,26
*05r8n*,Yoshinobu Yamamoto,LAD,SP,DT,25
*01c5l*,Yu Darvish,SD,SP,JGC,37
*04ml0*,Yusei Kikuchi,TOR,SP,DT,32
*041qo*,Zac Gallen,ARI,SP,LIAM,28
*05gbg*,Zac Veen,COL,OF,BEIM,22
*0641c*,Zach Dezenzo,HOU,3B,JGC,23
*02mwq*,Zach Eflin,TB,SP,Geezers,30
*05xu5*,Zach Neto,LAA,SS,Kirby,23
*05ub0*,Zack Gelof,OAK,2B,Bird,24
*031d4*,Zack Littell,TB,"SP,RP",Geezers,28
*01sb3*,Zack Wheeler,PHI,SP,reed,34
*066cf*,Zebby Matthews,MIN,SP,PAP,24
